Shortage,pworst burg,pworst kl,pworst mchi2,Supply,Population,Infrastructure,Model
556100,0.017024,0.024467,0.023276,High,High,None,gfdl.cm3.1.rcp85.piecewise
614700,0.0085666,0.0077379,0.0063792,Low,High,None,gfdl.cm3.1.rcp85.piecewise
381010,0.0030834,0.0029592,0.0031447,High,Low,None,gfdl.cm3.1.rcp85.piecewise
350590,0.00081634,0.00085417,0.0011287,Low,Low,None,gfdl.cm3.1.rcp85.piecewise
575160,0.014943,0.022926,0.022656,High,High,None,gfdl.cm3.1.rcp60.piecewise
531090,0.0072522,0.0074191,0.0062789,Low,High,None,gfdl.cm3.1.rcp60.piecewise
327940,0.0030668,0.0029182,0.0030117,High,Low,None,gfdl.cm3.1.rcp60.piecewise
386020,0.00080609,0.00082811,0.0010549,Low,Low,None,gfdl.cm3.1.rcp60.piecewise
572140,0.029347,0.02977,0.025146,High,High,None,gfdl.cm3.1.rcp45.piecewise
560610,0.13821,0.0096202,0.0068979,Low,High,None,gfdl.cm3.1.rcp45.piecewise
356880,0.0032934,0.0034882,0.004712,High,Low,None,gfdl.cm3.1.rcp45.piecewise
391440,0.00087152,0.00099659,0.0014961,Low,Low,None,gfdl.cm3.1.rcp45.piecewise
577330,0.021395,0.026918,0.024186,High,High,None,gfdl.cm3.1.rcp26.piecewise
580500,0.015739,0.0086013,0.0066312,Low,High,None,gfdl.cm3.1.rcp26.piecewise
334630,0.0032128,0.0032831,0.0041347,High,Low,None,gfdl.cm3.1.rcp26.piecewise
394710,0.00084719,0.0009334,0.00134,Low,Low,None,gfdl.cm3.1.rcp26.piecewise
551120,0.016388,0.024027,0.023103,High,High,None,gfdl.esm2m.1.rcp85.piecewise
520040,0.0085898,0.0077428,0.0063806,Low,High,None,gfdl.esm2m.1.rcp85.piecewise
364320,0.0031369,0.0030924,0.0035643,High,Low,None,gfdl.esm2m.1.rcp85.piecewise
364440,0.00082757,0.00088288,0.0012074,Low,Low,None,gfdl.esm2m.1.rcp85.piecewise
541620,0.012435,0.020592,0.021633,High,High,None,gfdl.esm2m.1.rcp60.piecewise
552290,0.0049384,0.0065247,0.0059728,Low,High,None,gfdl.esm2m.1.rcp60.piecewise
361990,0.0030092,0.0027768,0.0025385,High,Low,None,gfdl.esm2m.1.rcp60.piecewise
361440,0.00079244,0.00079367,0.00095365,Low,Low,None,gfdl.esm2m.1.rcp60.piecewise
499880,0.014912,0.0229,0.022646,High,High,None,gfdl.esm2m.1.rcp45.piecewise
594280,0.0066919,0.0072508,0.0062242,Low,High,None,gfdl.esm2m.1.rcp45.piecewise
392970,0.0030998,0.0029998,0.0032746,High,Low,None,gfdl.esm2m.1.rcp45.piecewise
355780,0.0008164,0.00085432,0.0011291,Low,Low,None,gfdl.esm2m.1.rcp45.piecewise
552490,0.015129,0.023077,0.022719,High,High,None,gfdl.esm2m.1.rcp26.piecewise
521150,0.007255,0.0074199,0.0062792,Low,High,None,gfdl.esm2m.1.rcp26.piecewise
317580,0.0031112,0.0030282,0.0033645,High,Low,None,gfdl.esm2m.1.rcp26.piecewise
330390,0.00082045,0.00086464,0.0011577,Low,Low,None,gfdl.esm2m.1.rcp26.piecewise
546540,0.014762,0.022776,0.022594,High,High,None,csiro.mk3.6.0.1.rcp85.piecewise
626290,0.0067859,0.0072807,0.006234,Low,High,None,csiro.mk3.6.0.1.rcp85.piecewise
363830,0.0030702,0.0029266,0.0030391,High,Low,None,csiro.mk3.6.0.1.rcp85.piecewise
350630,0.00081209,0.00084334,0.0010983,Low,Low,None,csiro.mk3.6.0.1.rcp85.piecewise
463310,0.011792,0.019886,0.021301,High,High,None,csiro.mk3.6.0.1.rcp60.piecewise
570510,0.0044534,0.0062448,0.0058684,Low,High,None,csiro.mk3.6.0.1.rcp60.piecewise
333270,0.0029844,0.0027164,0.0023289,High,Low,None,csiro.mk3.6.0.1.rcp60.piecewise
357420,0.00078317,0.00077045,0.00088289,Low,Low,None,csiro.mk3.6.0.1.rcp60.piecewise
517750,0.015518,0.023383,0.022844,High,High,None,csiro.mk3.6.0.1.rcp45.piecewise
536340,0.008153,0.0076473,0.0063511,Low,High,None,csiro.mk3.6.0.1.rcp45.piecewise
358690,0.0030899,0.0029754,0.0031966,High,Low,None,csiro.mk3.6.0.1.rcp45.piecewise
342830,0.00081546,0.00085193,0.0011224,Low,Low,None,csiro.mk3.6.0.1.rcp45.piecewise
568100,0.013337,0.021502,0.022045,High,High,None,csiro.mk3.6.0.1.rcp26.piecewise
525370,0.0053177,0.0067148,0.0060413,Low,High,None,csiro.mk3.6.0.1.rcp26.piecewise
339920,0.0030273,0.002821,0.002689,High,Low,None,csiro.mk3.6.0.1.rcp26.piecewise
335180,0.00079845,0.00080879,0.0009986,Low,Low,None,csiro.mk3.6.0.1.rcp26.piecewise
513180,0.017705,0.024911,0.023447,High,High,None,hadgem2.es.1.rcp85.piecewise
530150,0.0092597,0.0078735,0.0064205,Low,High,None,hadgem2.es.1.rcp85.piecewise
331440,0.0031185,0.0030463,0.0034212,High,Low,None,hadgem2.es.1.rcp85.piecewise
387950,0.00081974,0.00086285,0.0011528,Low,Low,None,hadgem2.es.1.rcp85.piecewise
513530,0.016721,0.024261,0.023195,High,High,None,hadgem2.es.1.rcp60.piecewise
538340,0.0086018,0.0077453,0.0063814,Low,High,None,hadgem2.es.1.rcp60.piecewise
320080,0.0031238,0.0030595,0.0034624,High,Low,None,hadgem2.es.1.rcp60.piecewise
374380,0.00082202,0.00086867,0.0011688,Low,Low,None,hadgem2.es.1.rcp60.piecewise
509160,0.015312,0.023222,0.022778,High,High,None,hadgem2.es.1.rcp45.piecewise
571920,0.0070052,0.0073478,0.0062559,Low,High,None,hadgem2.es.1.rcp45.piecewise
361360,0.003082,0.0029557,0.0031335,High,Low,None,hadgem2.es.1.rcp45.piecewise
371000,0.00081235,0.000844,0.0011001,Low,Low,None,hadgem2.es.1.rcp45.piecewise
535020,0.015019,0.022987,0.022682,High,High,None,hadgem2.es.1.rcp26.piecewise
499410,0.0071934,0.0074025,0.0062736,Low,High,None,hadgem2.es.1.rcp26.piecewise
361360,0.0030792,0.0029487,0.003111,High,Low,None,hadgem2.es.1.rcp26.piecewise
358160,0.00081211,0.0008434,0.0010984,Low,Low,None,hadgem2.es.1.rcp26.piecewise
506050,0.026979,0.029071,0.024919,High,High,None,miroc.esm.chem.1.rcp85.piecewise
586880,0.032997,0.0091889,0.0067886,Low,High,None,miroc.esm.chem.1.rcp85.piecewise
395470,0.0032433,0.0033605,0.0043567,High,Low,None,miroc.esm.chem.1.rcp85.piecewise
331410,0.00086206,0.00097195,0.0014364,Low,Low,None,miroc.esm.chem.1.rcp85.piecewise
507240,0.020822,0.026643,0.024088,High,High,None,miroc.esm.chem.1.rcp60.piecewise
575670,0.013114,0.0083865,0.0065709,Low,High,None,miroc.esm.chem.1.rcp60.piecewise
356150,0.0031972,0.0032438,0.0040198,High,Low,None,miroc.esm.chem.1.rcp60.piecewise
394320,0.00084262,0.00092159,0.0013097,Low,Low,None,miroc.esm.chem.1.rcp60.piecewise
569890,0.017141,0.024545,0.023306,High,High,None,miroc.esm.chem.1.rcp45.piecewise
529050,0.0088221,0.0077901,0.0063952,Low,High,None,miroc.esm.chem.1.rcp45.piecewise
364660,0.0031253,0.0030634,0.0034746,High,Low,None,miroc.esm.chem.1.rcp45.piecewise
361740,0.00082488,0.00087598,0.0011887,Low,Low,None,miroc.esm.chem.1.rcp45.piecewise
557210,0.014108,0.022214,0.022356,High,High,None,miroc.esm.chem.1.rcp26.piecewise
529830,0.0065782,0.0072136,0.006212,Low,High,None,miroc.esm.chem.1.rcp26.piecewise
346490,0.0030495,0.0028755,0.0028713,High,Low,None,miroc.esm.chem.1.rcp26.piecewise
345530,0.00080396,0.00082272,0.0010393,Low,Low,None,miroc.esm.chem.1.rcp26.piecewise
524350,0.01653,0.024128,0.023143,High,High,None,miroc5.1.rcp85.piecewise
532110,0.0084707,0.0077176,0.0063729,Low,High,None,miroc5.1.rcp85.piecewise
369980,0.0031086,0.0030217,0.0033441,High,Low,None,miroc5.1.rcp85.piecewise
336060,0.00082124,0.00086668,0.0011633,Low,Low,None,miroc5.1.rcp85.piecewise
513700,0.011126,0.019099,0.020916,High,High,None,miroc5.1.rcp60.piecewise
510210,0.0043822,0.0061996,0.0058511,Low,High,None,miroc5.1.rcp60.piecewise
336510,0.0029481,0.0026289,0.0020168,High,Low,None,miroc5.1.rcp60.piecewise
343510,0.00077555,0.00075146,0.00082343,Low,Low,None,miroc5.1.rcp60.piecewise
587560,0.01472,0.022742,0.022579,High,High,None,miroc5.1.rcp45.piecewise
543070,0.0064446,0.0071685,0.0061971,Low,High,None,miroc5.1.rcp45.piecewise
346500,0.0030676,0.0029202,0.0030182,High,Low,None,miroc5.1.rcp45.piecewise
332630,0.00080865,0.0008346,0.0010735,Low,Low,None,miroc5.1.rcp45.piecewise
567760,0.011633,0.019703,0.021213,High,High,None,miroc5.1.rcp26.piecewise
569820,0.0045405,0.0062985,0.0058888,Low,High,None,miroc5.1.rcp26.piecewise
337600,0.0029815,0.0027095,0.0023047,High,Low,None,miroc5.1.rcp26.piecewise
310500,0.00078397,0.00077244,0.00088904,Low,Low,None,miroc5.1.rcp26.piecewise
323220,0.0035556,0.0041684,0.0064099,High,High,None,gfdl.cm3.1.rcp85.linear
319240,0.00099865,0.0013325,0.0021881,Low,High,None,gfdl.cm3.1.rcp85.linear
195170,0.0021823,0.00102,0,High,Low,None,gfdl.cm3.1.rcp85.linear
208740,0.00056646,0.00029166,0,Low,Low,None,gfdl.cm3.1.rcp85.linear
273700,0.0034858,0.0039856,0.0059826,High,High,None,gfdl.cm3.1.rcp60.linear
306050,0.00097364,0.0012661,0.0020663,Low,High,None,gfdl.cm3.1.rcp60.linear
188120,0.0021714,0.0010015,0,High,Low,None,gfdl.cm3.1.rcp60.linear
196290,0.0005635,0.00028633,0,Low,Low,None,gfdl.cm3.1.rcp60.linear
294610,0.0039106,0.0051069,0.0083451,High,High,None,gfdl.cm3.1.rcp45.linear
294900,0.0011122,0.001633,0.0026726,Low,High,None,gfdl.cm3.1.rcp45.linear
197290,0.0022814,0.0011949,0,High,Low,None,gfdl.cm3.1.rcp45.linear
202260,0.00059311,0.00034149,0,Low,Low,None,gfdl.cm3.1.rcp45.linear
285900,0.0037347,0.0046403,0.0074318,High,High,None,gfdl.cm3.1.rcp26.linear
286710,0.0010569,0.0014871,0.0024496,Low,High,None,gfdl.cm3.1.rcp26.linear
192970,0.0022408,0.0011218,0,High,Low,None,gfdl.cm3.1.rcp26.linear
198630,0.0005828,0.00032183,0,Low,Low,None,gfdl.cm3.1.rcp26.linear
338880,0.0035687,0.0042025,0.0064875,High,High,None,gfdl.esm2m.1.rcp85.linear
339630,0.0010015,0.0013401,0.0022017,Low,High,None,gfdl.esm2m.1.rcp85.linear
211440,0.0022097,0.0010671,0,High,Low,None,gfdl.esm2m.1.rcp85.linear
205290,0.00057386,0.00030517,0,Low,Low,None,gfdl.esm2m.1.rcp85.linear
291550,0.0033496,0.0036325,0.0050985,High,High,None,gfdl.esm2m.1.rcp60.linear
283050,0.00093404,0.001161,0.00186,Low,High,None,gfdl.esm2m.1.rcp60.linear
181510,0.00215,0.00096557,0,High,Low,None,gfdl.esm2m.1.rcp60.linear
200020,0.00055801,0.00027656,0,Low,Low,None,gfdl.esm2m.1.rcp60.linear
312400,0.0034841,0.0039812,0.005972,High,High,None,gfdl.esm2m.1.rcp45.linear
298510,0.00097881,0.0012798,0.002092,Low,High,None,gfdl.esm2m.1.rcp45.linear
203110,0.0021912,0.0010352,0,High,Low,None,gfdl.esm2m.1.rcp45.linear
199450,0.000569,0.00029627,0,Low,Low,None,gfdl.esm2m.1.rcp45.linear
310910,0.003515,0.004062,0.0061635,High,High,None,gfdl.esm2m.1.rcp26.linear
308120,0.00098573,0.0012982,0.002126,Low,High,None,gfdl.esm2m.1.rcp26.linear
194540,0.0022001,0.0010505,0,High,Low,None,gfdl.esm2m.1.rcp26.linear
206810,0.00057076,0.00029949,0,Low,Low,None,gfdl.esm2m.1.rcp26.linear
272830,0.0034859,0.0039859,0.0059833,High,High,None,csiro.mk3.6.0.1.rcp85.linear
303480,0.00097547,0.0012709,0.0020754,Low,High,None,csiro.mk3.6.0.1.rcp85.linear
190580,0.0021808,0.0010174,0,High,Low,None,csiro.mk3.6.0.1.rcp85.linear
215480,0.00056569,0.00029028,0,Low,Low,None,csiro.mk3.6.0.1.rcp85.linear
311590,0.0032871,0.0034721,0.004668,High,High,None,csiro.mk3.6.0.1.rcp60.linear
339730,0.0009153,0.0011115,0.0017561,Low,High,None,csiro.mk3.6.0.1.rcp60.linear
182650,0.0021374,0.00094479,0,High,Low,None,csiro.mk3.6.0.1.rcp60.linear
180720,0.00055378,0.00026914,0,Low,Low,None,csiro.mk3.6.0.1.rcp60.linear
308410,0.0035202,0.0040755,0.006195,High,High,None,csiro.mk3.6.0.1.rcp45.linear
307200,0.0009878,0.0013037,0.002136,Low,High,None,csiro.mk3.6.0.1.rcp45.linear
206470,0.0021859,0.0010261,0,High,Low,None,csiro.mk3.6.0.1.rcp45.linear
209920,0.00056714,0.0002929,0,Low,Low,None,csiro.mk3.6.0.1.rcp45.linear
290270,0.0033931,0.0037449,0.0053888,High,High,None,csiro.mk3.6.0.1.rcp26.linear
316020,0.00094879,0.0012001,0.0019388,Low,High,None,csiro.mk3.6.0.1.rcp26.linear
179850,0.002159,0.00098066,0,High,Low,None,csiro.mk3.6.0.1.rcp26.linear
203160,0.00055942,0.00027906,0,Low,Low,None,csiro.mk3.6.0.1.rcp26.linear
291120,0.003584,0.0042427,0.0065783,High,High,None,hadgem2.es.1.rcp85.linear
280370,0.0010081,0.0013576,0.0022325,Low,High,None,hadgem2.es.1.rcp85.linear
189810,0.0021954,0.0010424,0,High,Low,None,hadgem2.es.1.rcp85.linear
192200,0.00056997,0.00029803,0,Low,Low,None,hadgem2.es.1.rcp85.linear
342720,0.0035786,0.0042287,0.0065468,High,High,None,hadgem2.es.1.rcp60.linear
353020,0.001009,0.00136,0.0022368,Low,High,None,hadgem2.es.1.rcp60.linear
192130,0.0022031,0.0010557,0,High,Low,None,hadgem2.es.1.rcp60.linear
199000,0.00057251,0.00030269,0,Low,Low,None,hadgem2.es.1.rcp60.linear
269120,0.0035125,0.0040554,0.006148,High,High,None,hadgem2.es.1.rcp45.linear
285180,0.00098457,0.0012951,0.0021203,Low,High,None,hadgem2.es.1.rcp45.linear
188180,0.002186,0.0010263,0,High,Low,None,hadgem2.es.1.rcp45.linear
195830,0.00056789,0.00029425,0,Low,Low,None,hadgem2.es.1.rcp45.linear
340970,0.0034861,0.0039864,0.0059844,High,High,None,hadgem2.es.1.rcp26.linear
341870,0.00097688,0.0012747,0.0020824,Low,High,None,hadgem2.es.1.rcp26.linear
189010,0.0021791,0.0010145,0,High,Low,None,hadgem2.es.1.rcp26.linear
195300,0.00056582,0.0002905,0,Low,Low,None,hadgem2.es.1.rcp26.linear
293950,0.0038215,0.0048703,0.007893,High,High,None,miroc.esm.chem.1.rcp85.linear
307240,0.001085,0.0015612,0.0025656,Low,High,None,miroc.esm.chem.1.rcp85.linear
199860,0.0022583,0.001153,0,High,Low,None,miroc.esm.chem.1.rcp85.linear
205380,0.00058703,0.00032983,0,Low,Low,None,miroc.esm.chem.1.rcp85.linear
285060,0.003702,0.0045537,0.0072524,High,High,None,miroc.esm.chem.1.rcp60.linear
284660,0.0010457,0.0014574,0.0024016,Low,High,None,miroc.esm.chem.1.rcp60.linear
199150,0.0022373,0.0011155,0,High,Low,None,miroc.esm.chem.1.rcp60.linear
198490,0.00058106,0.00031855,0,Low,Low,None,miroc.esm.chem.1.rcp60.linear
298420,0.0035709,0.0042084,0.0065009,High,High,None,miroc.esm.chem.1.rcp45.linear
295650,0.0010042,0.0013473,0.0022144,Low,High,None,miroc.esm.chem.1.rcp45.linear
191600,0.0022009,0.0010518,0,High,Low,None,miroc.esm.chem.1.rcp45.linear
188890,0.00057154,0.0003009,0,Low,Low,None,miroc.esm.chem.1.rcp45.linear
288090,0.0034483,0.003888,0.0057463,High,High,None,miroc.esm.chem.1.rcp26.linear
322990,0.000967,0.0012484,0.0020328,Low,High,None,miroc.esm.chem.1.rcp26.linear
180370,0.0021679,0.00099556,0,High,Low,None,miroc.esm.chem.1.rcp26.linear
208370,0.00056185,0.00028338,0,Low,Low,None,miroc.esm.chem.1.rcp26.linear
278520,0.0035532,0.004162,0.0063952,High,High,None,miroc5.1.rcp85.linear
290540,0.00099866,0.0013325,0.0021882,Low,High,None,miroc5.1.rcp85.linear
191020,0.002193,0.0010382,0,High,Low,None,miroc5.1.rcp85.linear
188250,0.00056953,0.00029723,0,Low,Low,None,miroc5.1.rcp85.linear
266740,0.0032623,0.0034088,0.0044928,High,High,None,miroc5.1.rcp60.linear
254460,0.00090671,0.0010889,0.0017071,Low,High,None,miroc5.1.rcp60.linear
174570,0.002118,0.00091315,0,High,Low,None,miroc5.1.rcp60.linear
177330,0.00054912,0.00026106,0,Low,Low,None,miroc5.1.rcp60.linear
296650,0.0034719,0.0039494,0.0058954,High,High,None,miroc5.1.rcp45.linear
280600,0.0009689,0.0012535,0.0020425,Low,High,None,miroc5.1.rcp45.linear
200210,0.0021756,0.0010085,0,High,Low,None,miroc5.1.rcp45.linear
217520,0.00056386,0.00028698,0,Low,Low,None,miroc5.1.rcp45.linear
296240,0.0033077,0.0035249,0.0048119,High,High,None,miroc5.1.rcp26.linear
293230,0.00092198,0.0011292,0.0017936,Low,High,None,miroc5.1.rcp26.linear
182060,0.0021348,0.00094044,0,High,Low,None,miroc5.1.rcp26.linear
186010,0.00055356,0.00026875,0,Low,Low,None,miroc5.1.rcp26.linear
408560,0.016449,0.024173,0.02244,High,High,WWTP,gfdl.cm3.1.rcp85.piecewise
441500,0.0088689,0.0078506,0.0061976,Low,High,WWTP,gfdl.cm3.1.rcp85.piecewise
324100,0.0030587,0.0028559,0.0032535,High,Low,WWTP,gfdl.cm3.1.rcp85.piecewise
324090,0.00080919,0.00082482,0.0011375,Low,Low,WWTP,gfdl.cm3.1.rcp85.piecewise
393540,0.014859,0.022943,0.021971,High,High,WWTP,gfdl.cm3.1.rcp60.piecewise
447070,0.0072581,0.0074662,0.0060849,Low,High,WWTP,gfdl.cm3.1.rcp60.piecewise
273970,0.0030473,0.0028278,0.003165,High,Low,WWTP,gfdl.cm3.1.rcp60.piecewise
295600,0.00080498,0.00081419,0.0011084,Low,Low,WWTP,gfdl.cm3.1.rcp60.piecewise
413440,0.029171,0.029904,0.024351,High,High,WWTP,gfdl.cm3.1.rcp45.piecewise
470870,0.14342,0.0097067,0.0066743,Low,High,WWTP,gfdl.cm3.1.rcp45.piecewise
261560,0.0032841,0.0034193,0.004871,High,Low,WWTP,gfdl.cm3.1.rcp45.piecewise
300100,0.00087178,0.00098552,0.0015373,Low,Low,WWTP,gfdl.cm3.1.rcp45.piecewise
421290,0.020669,0.026704,0.023335,High,High,WWTP,gfdl.cm3.1.rcp26.piecewise
448990,0.016961,0.0087453,0.00644,Low,High,WWTP,gfdl.cm3.1.rcp26.piecewise
258870,0.0031979,0.0032014,0.0042795,High,Low,WWTP,gfdl.cm3.1.rcp26.piecewise
318570,0.00084306,0.0009112,0.0013612,Low,Low,WWTP,gfdl.cm3.1.rcp26.piecewise
421120,0.016309,0.024072,0.022402,High,High,WWTP,gfdl.esm2m.1.rcp85.piecewise
447330,0.0089714,0.0078709,0.0062034,Low,High,WWTP,gfdl.esm2m.1.rcp85.piecewise
263500,0.0031371,0.0030493,0.0038421,High,Low,WWTP,gfdl.esm2m.1.rcp85.piecewise
314060,0.00082565,0.00086659,0.0012485,Low,Low,WWTP,gfdl.esm2m.1.rcp85.piecewise
430010,0.012375,0.020586,0.020997,High,High,WWTP,gfdl.esm2m.1.rcp60.piecewise
458970,0.0050727,0.006628,0.0058174,Low,High,WWTP,gfdl.esm2m.1.rcp60.piecewise
245460,0.0030026,0.0027191,0.0028128,High,Low,WWTP,gfdl.esm2m.1.rcp60.piecewise
245680,0.00079329,0.00078482,0.0010259,Low,Low,WWTP,gfdl.esm2m.1.rcp60.piecewise
409500,0.014764,0.022863,0.02194,High,High,WWTP,gfdl.esm2m.1.rcp45.piecewise
443110,0.0072475,0.0074632,0.006084,Low,High,WWTP,gfdl.esm2m.1.rcp45.piecewise
309730,0.0030768,0.0029002,0.003392,High,Low,WWTP,gfdl.esm2m.1.rcp45.piecewise
296250,0.00081462,0.00083856,0.0011746,Low,Low,WWTP,gfdl.esm2m.1.rcp45.piecewise
395880,0.014974,0.023039,0.022008,High,High,WWTP,gfdl.esm2m.1.rcp26.piecewise
437740,0.0072272,0.0074574,0.0060822,Low,High,WWTP,gfdl.esm2m.1.rcp26.piecewise
241570,0.0031098,0.0029815,0.0036404,High,Low,WWTP,gfdl.esm2m.1.rcp26.piecewise
313950,0.00081867,0.00084884,0.001202,Low,Low,WWTP,gfdl.esm2m.1.rcp26.piecewise
419920,0.014647,0.022764,0.021901,High,High,WWTP,csiro.mk3.6.0.1.rcp85.piecewise
422730,0.007273,0.0074704,0.0060862,Low,High,WWTP,csiro.mk3.6.0.1.rcp85.piecewise
260450,0.0030721,0.0028887,0.0033564,High,Low,WWTP,csiro.mk3.6.0.1.rcp85.piecewise
268920,0.00081329,0.00083519,0.0011656,Low,Low,WWTP,csiro.mk3.6.0.1.rcp85.piecewise
412520,0.011541,0.019643,0.020576,High,High,WWTP,csiro.mk3.6.0.1.rcp60.piecewise
465170,0.0046094,0.0063697,0.0057282,Low,High,WWTP,csiro.mk3.6.0.1.rcp60.piecewise
246160,0.0029797,0.0026639,0.0026286,High,Low,WWTP,csiro.mk3.6.0.1.rcp60.piecewise
263040,0.00078702,0.00076917,0.00098064,Low,Low,WWTP,csiro.mk3.6.0.1.rcp60.piecewise
419260,0.015251,0.023264,0.022096,High,High,WWTP,csiro.mk3.6.0.1.rcp45.piecewise
439150,0.0076192,0.0075646,0.0061143,Low,High,WWTP,csiro.mk3.6.0.1.rcp45.piecewise
258520,0.0030781,0.0029034,0.0034017,High,Low,WWTP,csiro.mk3.6.0.1.rcp45.piecewise
284770,0.0008145,0.00083824,0.0011738,Low,Low,WWTP,csiro.mk3.6.0.1.rcp45.piecewise
394480,0.012881,0.021117,0.021226,High,High,WWTP,csiro.mk3.6.0.1.rcp26.piecewise
448120,0.0055311,0.0068488,0.0058911,Low,High,WWTP,csiro.mk3.6.0.1.rcp26.piecewise
303690,0.0030079,0.002732,0.0028552,High,Low,WWTP,csiro.mk3.6.0.1.rcp26.piecewise
311110,0.00079586,0.00079126,0.0010442,Low,Low,WWTP,csiro.mk3.6.0.1.rcp26.piecewise
393480,0.01679,0.024413,0.022529,High,High,WWTP,hadgem2.es.1.rcp85.piecewise
452390,0.0092046,0.0079156,0.0062162,Low,High,WWTP,hadgem2.es.1.rcp85.piecewise
264970,0.0031024,0.0029632,0.003585,High,Low,WWTP,hadgem2.es.1.rcp85.piecewise
269330,0.00082143,0.00085585,0.0012205,Low,Low,WWTP,hadgem2.es.1.rcp85.piecewise
398600,0.016465,0.024184,0.022444,High,High,WWTP,hadgem2.es.1.rcp60.piecewise
426480,0.0091987,0.0079145,0.0062159,Low,High,WWTP,hadgem2.es.1.rcp60.piecewise
256790,0.0031182,0.0030025,0.0037032,High,Low,WWTP,hadgem2.es.1.rcp60.piecewise
265830,0.00082428,0.00086311,0.0012394,Low,Low,WWTP,hadgem2.es.1.rcp60.piecewise
421960,0.014938,0.023008,0.021996,High,High,WWTP,hadgem2.es.1.rcp45.piecewise
438920,0.0075711,0.007552,0.0061106,Low,High,WWTP,hadgem2.es.1.rcp45.piecewise
256790,0.0030802,0.0029086,0.0034178,High,Low,WWTP,hadgem2.es.1.rcp45.piecewise
258710,0.00081577,0.00084148,0.0011824,Low,Low,WWTP,hadgem2.es.1.rcp45.piecewise
414020,0.014805,0.022898,0.021953,High,High,WWTP,hadgem2.es.1.rcp26.piecewise
414580,0.0073313,0.0074868,0.0060911,Low,High,WWTP,hadgem2.es.1.rcp26.piecewise
264270,0.0030642,0.0028692,0.0032953,High,Low,WWTP,hadgem2.es.1.rcp26.piecewise
273860,0.00081014,0.00082722,0.0011441,Low,Low,WWTP,hadgem2.es.1.rcp26.piecewise
437150,0.024411,0.028342,0.023869,High,High,WWTP,miroc.esm.chem.1.rcp85.piecewise
486840,0.028041,0.0091638,0.006545,Low,High,WWTP,miroc.esm.chem.1.rcp85.piecewise
267710,0.0032353,0.0032954,0.0045396,High,Low,WWTP,miroc.esm.chem.1.rcp85.piecewise
296130,0.00085665,0.00094626,0.001446,Low,Low,WWTP,miroc.esm.chem.1.rcp85.piecewise
413820,0.019843,0.026276,0.02319,High,High,WWTP,miroc.esm.chem.1.rcp60.piecewise
432470,0.014391,0.0085625,0.0063926,Low,High,WWTP,miroc.esm.chem.1.rcp60.piecewise
269360,0.0031877,0.0031757,0.0042071,High,Low,WWTP,miroc.esm.chem.1.rcp60.piecewise
276330,0.00084465,0.00091528,0.0013712,Low,Low,WWTP,miroc.esm.chem.1.rcp60.piecewise
422290,0.016485,0.024198,0.02245,High,High,WWTP,miroc.esm.chem.1.rcp45.piecewise
485830,0.0084632,0.0077659,0.0061733,Low,High,WWTP,miroc.esm.chem.1.rcp45.piecewise
257140,0.0031123,0.0029877,0.003659,High,Low,WWTP,miroc.esm.chem.1.rcp45.piecewise
267820,0.00082371,0.00086166,0.0012356,Low,Low,WWTP,miroc.esm.chem.1.rcp45.piecewise
411020,0.01434,0.022499,0.021795,High,High,WWTP,miroc.esm.chem.1.rcp26.piecewise
408180,0.006805,0.00733,0.0060436,Low,High,WWTP,miroc.esm.chem.1.rcp26.piecewise
248120,0.0030408,0.0028121,0.0031149,High,Low,WWTP,miroc.esm.chem.1.rcp26.piecewise
271850,0.00080264,0.0008083,0.0010921,Low,Low,WWTP,miroc.esm.chem.1.rcp26.piecewise
434430,0.015987,0.023834,0.022313,High,High,WWTP,miroc5.1.rcp85.piecewise
428950,0.0086153,0.0077985,0.0061827,Low,High,WWTP,miroc5.1.rcp85.piecewise
266120,0.0030977,0.0029517,0.0035499,High,Low,WWTP,miroc5.1.rcp85.piecewise
261720,0.00082069,0.00085396,0.0012155,Low,Low,WWTP,miroc5.1.rcp85.piecewise
385250,0.011196,0.019227,0.020384,High,High,WWTP,miroc5.1.rcp60.piecewise
425210,0.004337,0.0061979,0.0056668,Low,High,WWTP,miroc5.1.rcp60.piecewise
249670,0.0029358,0.0025588,0.0022669,High,Low,WWTP,miroc5.1.rcp60.piecewise
242070,0.00077542,0.0007404,0.00089503,Low,Low,WWTP,miroc5.1.rcp60.piecewise
364480,0.014567,0.022696,0.021874,High,High,WWTP,miroc5.1.rcp45.piecewise
477580,0.0065969,0.0072622,0.0060227,Low,High,WWTP,miroc5.1.rcp45.piecewise
259270,0.0030528,0.0028415,0.0032081,High,Low,WWTP,miroc5.1.rcp45.piecewise
288420,0.00080803,0.00082188,0.0011295,Low,Low,WWTP,miroc5.1.rcp45.piecewise
356530,0.011891,0.020049,0.02076,High,High,WWTP,miroc5.1.rcp26.piecewise
430250,0.0047581,0.0064569,0.0057587,Low,High,WWTP,miroc5.1.rcp26.piecewise
239260,0.0029746,0.0026516,0.0025868,High,Low,WWTP,miroc5.1.rcp26.piecewise
245680,0.00078575,0.000766,0.00097135,Low,Low,WWTP,miroc5.1.rcp26.piecewise
288120,0.0036012,0.0042401,0.0068038,High,High,WWTP,gfdl.cm3.1.rcp85.linear
291600,0.0010206,0.0013784,0.0022908,Low,High,WWTP,gfdl.cm3.1.rcp85.linear
199630,0.0021849,0.00099997,0,High,Low,WWTP,gfdl.cm3.1.rcp85.linear
195120,0.00056867,0.00028901,0,Low,Low,WWTP,gfdl.cm3.1.rcp85.linear
272250,0.0035237,0.0040374,0.0063637,High,High,WWTP,gfdl.cm3.1.rcp60.linear
273810,0.00099614,0.0013135,0.0021825,Low,High,WWTP,gfdl.cm3.1.rcp60.linear
190720,0.0021739,0.00098171,0,High,Low,WWTP,gfdl.cm3.1.rcp60.linear
190720,0.0005656,0.00028354,0,Low,Low,WWTP,gfdl.cm3.1.rcp60.linear
299130,0.0039811,0.0052449,0.0087142,High,High,WWTP,gfdl.cm3.1.rcp45.linear
290300,0.001145,0.0017068,0.0027706,Low,High,WWTP,gfdl.cm3.1.rcp45.linear
155930,0.0023027,0.0012067,0,High,Low,WWTP,gfdl.cm3.1.rcp45.linear
161750,0.0006004,0.00034825,0,Low,Low,WWTP,gfdl.cm3.1.rcp45.linear
294970,0.0037903,0.0047389,0.0078028,High,High,WWTP,gfdl.cm3.1.rcp26.linear
293840,0.0010822,0.0015417,0.0025422,Low,High,WWTP,gfdl.cm3.1.rcp26.linear
141670,0.0022615,0.0011325,0,High,Low,WWTP,gfdl.cm3.1.rcp26.linear
197770,0.0005868,0.0003223,0,Low,Low,WWTP,gfdl.cm3.1.rcp26.linear
284220,0.0036139,0.0042735,0.0068742,High,High,WWTP,gfdl.esm2m.1.rcp85.linear
271100,0.0010254,0.0013913,0.0023117,Low,High,WWTP,gfdl.esm2m.1.rcp85.linear
150220,0.0022265,0.0010711,0,High,Low,WWTP,gfdl.esm2m.1.rcp85.linear
166460,0.00057986,0.00030938,0,Low,Low,WWTP,gfdl.esm2m.1.rcp85.linear
266610,0.0033802,0.0036654,0.0054954,High,High,WWTP,gfdl.esm2m.1.rcp60.linear
220260,0.00096019,0.0012181,0.0020131,Low,High,WWTP,gfdl.esm2m.1.rcp60.linear
179790,0.0021547,0.0009498,0,High,Low,WWTP,gfdl.esm2m.1.rcp60.linear
139080,0.0005624,0.00027787,0,Low,Low,WWTP,gfdl.esm2m.1.rcp60.linear
235820,0.0035586,0.0041287,0.0065645,High,High,WWTP,gfdl.esm2m.1.rcp45.linear
235820,0.0010075,0.0013437,0.0022335,Low,High,WWTP,gfdl.esm2m.1.rcp45.linear
150210,0.002206,0.0010359,0,High,Low,WWTP,gfdl.esm2m.1.rcp45.linear
163830,0.00057418,0.00029897,0,Low,Low,WWTP,gfdl.esm2m.1.rcp45.linear
261140,0.003578,0.0041795,0.0066744,High,High,WWTP,gfdl.esm2m.1.rcp26.linear
268770,0.0010136,0.00136,0.0022605,Low,High,WWTP,gfdl.esm2m.1.rcp26.linear
150260,0.0022143,0.0010501,0,High,Low,WWTP,gfdl.esm2m.1.rcp26.linear
165040,0.00057641,0.00030303,0,Low,Low,WWTP,gfdl.esm2m.1.rcp26.linear
252370,0.0035471,0.0040986,0.0064989,High,High,WWTP,csiro.mk3.6.0.1.rcp85.linear
268570,0.0010036,0.0013334,0.0022163,Low,High,WWTP,csiro.mk3.6.0.1.rcp85.linear
183570,0.0021847,0.00099968,0,High,Low,WWTP,csiro.mk3.6.0.1.rcp85.linear
192520,0.00056825,0.00028826,0,Low,Low,WWTP,csiro.mk3.6.0.1.rcp85.linear
235630,0.0033291,0.0035342,0.005168,High,High,WWTP,csiro.mk3.6.0.1.rcp60.linear
246620,0.00093429,0.0011496,0.001883,Low,High,WWTP,csiro.mk3.6.0.1.rcp60.linear
138440,0.0021491,0.00094074,0,High,Low,WWTP,csiro.mk3.6.0.1.rcp60.linear
151980,0.00055877,0.0002715,0,Low,Low,WWTP,csiro.mk3.6.0.1.rcp60.linear
286540,0.0035566,0.0041233,0.0065529,High,High,WWTP,csiro.mk3.6.0.1.rcp45.linear
285440,0.0010069,0.0013421,0.0022307,Low,High,WWTP,csiro.mk3.6.0.1.rcp45.linear
194550,0.0021892,0.0010072,0,High,Low,WWTP,csiro.mk3.6.0.1.rcp45.linear
186250,0.000571,0.0002932,0,Low,Low,WWTP,csiro.mk3.6.0.1.rcp45.linear
188710,0.0034548,0.003858,0.0059554,High,High,WWTP,csiro.mk3.6.0.1.rcp26.linear
201850,0.0009748,0.0012569,0.0020835,Low,High,WWTP,csiro.mk3.6.0.1.rcp26.linear
142990,0.002171,0.00097685,0,High,Low,WWTP,csiro.mk3.6.0.1.rcp26.linear
185410,0.0005627,0.0002784,0,Low,Low,WWTP,csiro.mk3.6.0.1.rcp26.linear
290840,0.0036285,0.0043118,0.0069543,High,High,WWTP,hadgem2.es.1.rcp85.linear
293810,0.0010305,0.0014046,0.0023331,Low,High,WWTP,hadgem2.es.1.rcp85.linear
197220,0.0021991,0.0010241,0,High,Low,WWTP,hadgem2.es.1.rcp85.linear
195280,0.0005732,0.00029719,0,Low,Low,WWTP,hadgem2.es.1.rcp85.linear
275440,0.0036221,0.0042951,0.0069195,High,High,WWTP,hadgem2.es.1.rcp60.linear
284570,0.0010276,0.0013971,0.002321,Low,High,WWTP,hadgem2.es.1.rcp60.linear
195980,0.0022086,0.0010402,0,High,Low,WWTP,hadgem2.es.1.rcp60.linear
193880,0.00057503,0.00030051,0,Low,Low,WWTP,hadgem2.es.1.rcp60.linear
268290,0.00355,0.0041061,0.0065152,High,High,WWTP,hadgem2.es.1.rcp45.linear
276000,0.0010045,0.0013358,0.0022203,Low,High,WWTP,hadgem2.es.1.rcp45.linear
194770,0.0021907,0.0010098,0,High,Low,WWTP,hadgem2.es.1.rcp45.linear
186830,0.00057023,0.00029182,0,Low,Low,WWTP,hadgem2.es.1.rcp45.linear
278270,0.0035289,0.004051,0.0063939,High,High,WWTP,hadgem2.es.1.rcp26.linear
273260,0.00099798,0.0013184,0.0021908,Low,High,WWTP,hadgem2.es.1.rcp26.linear
145480,0.0021941,0.0010155,0,High,Low,WWTP,hadgem2.es.1.rcp26.linear
145450,0.00057114,0.00029347,0,Low,Low,WWTP,hadgem2.es.1.rcp26.linear
302370,0.0038875,0.0049965,0.0082783,High,High,WWTP,miroc.esm.chem.1.rcp85.linear
303500,0.0011144,0.0016266,0.0026625,Low,High,WWTP,miroc.esm.chem.1.rcp85.linear
206720,0.0022659,0.0011404,0,High,Low,WWTP,miroc.esm.chem.1.rcp85.linear
202110,0.00059061,0.0003295,0,Low,Low,WWTP,miroc.esm.chem.1.rcp85.linear
290830,0.0037577,0.0046525,0.0076376,High,High,WWTP,miroc.esm.chem.1.rcp60.linear
290830,0.0010718,0.0015142,0.0025017,Low,High,WWTP,miroc.esm.chem.1.rcp60.linear
203960,0.0022429,0.0010996,0,High,Low,WWTP,miroc.esm.chem.1.rcp60.linear
195680,0.00058506,0.00031904,0,Low,Low,WWTP,miroc.esm.chem.1.rcp60.linear
288280,0.003619,0.0042869,0.0069025,High,High,WWTP,miroc.esm.chem.1.rcp45.linear
285610,0.0010272,0.001396,0.0023192,Low,High,WWTP,miroc.esm.chem.1.rcp45.linear
196130,0.0022049,0.0010339,0,High,Low,WWTP,miroc.esm.chem.1.rcp45.linear
145490,0.00057753,0.00030509,0,Low,Low,WWTP,miroc.esm.chem.1.rcp45.linear
204150,0.0035212,0.0040308,0.006349,High,High,WWTP,miroc.esm.chem.1.rcp26.linear
190850,0.00099535,0.0013114,0.0021789,Low,High,WWTP,miroc.esm.chem.1.rcp26.linear
158310,0.0021776,0.00098779,0,High,Low,WWTP,miroc.esm.chem.1.rcp26.linear
147540,0.00056661,0.00028534,0,Low,Low,WWTP,miroc.esm.chem.1.rcp26.linear
279310,0.0035972,0.0042296,0.0067814,High,High,WWTP,miroc5.1.rcp85.linear
277750,0.0010198,0.0013764,0.0022874,Low,High,WWTP,miroc5.1.rcp85.linear
197800,0.0021971,0.0010206,0,High,Low,WWTP,miroc5.1.rcp85.linear
195500,0.00057187,0.00029477,0,Low,Low,WWTP,miroc5.1.rcp85.linear
204270,0.0033068,0.003477,0.0050215,High,High,WWTP,miroc5.1.rcp60.linear
205940,0.00092772,0.0011322,0.0018489,Low,High,WWTP,miroc5.1.rcp60.linear
189500,0.0021208,0.000895,0,High,Low,WWTP,miroc5.1.rcp60.linear
186280,0.00055054,0.00025731,0,Low,Low,WWTP,miroc5.1.rcp60.linear
218040,0.003533,0.0040616,0.0064174,High,High,WWTP,miroc5.1.rcp45.linear
252750,0.00099749,0.0013171,0.0021886,Low,High,WWTP,miroc5.1.rcp45.linear
147310,0.0021871,0.0010037,0,High,Low,WWTP,miroc5.1.rcp45.linear
151150,0.00056931,0.00029017,0,Low,Low,WWTP,miroc5.1.rcp45.linear
271430,0.003333,0.003544,0.0051929,High,High,WWTP,miroc5.1.rcp26.linear
273730,0.00093569,0.0011533,0.0018903,Low,High,WWTP,miroc5.1.rcp26.linear
188250,0.0021364,0.00092006,0,High,Low,WWTP,miroc5.1.rcp26.linear
188250,0.00055545,0.00026574,0,Low,Low,WWTP,miroc5.1.rcp26.linear
436810,0.016733,0.024044,0.022886,High,High,IPR,gfdl.cm3.1.rcp85.piecewise
443190,0.009299,0.0077851,0.0063334,Low,High,IPR,gfdl.cm3.1.rcp85.piecewise
256710,0.0030607,0.0029437,0.0030103,High,Low,IPR,gfdl.cm3.1.rcp85.piecewise
243180,0.00080922,0.00084645,0.0010836,Low,Low,IPR,gfdl.cm3.1.rcp85.piecewise
400950,0.015112,0.022861,0.022409,High,High,IPR,gfdl.cm3.1.rcp60.piecewise
408000,0.0075217,0.0074056,0.0062152,Low,High,IPR,gfdl.cm3.1.rcp60.piecewise
261180,0.0030336,0.0028769,0.0027933,High,Low,IPR,gfdl.cm3.1.rcp60.piecewise
259590,0.00080134,0.00082646,0.0010271,Low,Low,IPR,gfdl.cm3.1.rcp60.piecewise
452550,0.029044,0.029346,0.024772,High,High,IPR,gfdl.cm3.1.rcp45.piecewise
458710,0.13012,0.0094744,0.006798,Low,High,IPR,gfdl.cm3.1.rcp45.piecewise
249030,0.0032498,0.0034187,0.004426,High,Low,IPR,gfdl.cm3.1.rcp45.piecewise
259220,0.00086167,0.00098141,0.0014336,Low,Low,IPR,gfdl.cm3.1.rcp45.piecewise
404340,0.020841,0.026378,0.023763,High,High,IPR,gfdl.cm3.1.rcp26.piecewise
399890,0.016072,0.0085109,0.0065443,Low,High,IPR,gfdl.cm3.1.rcp26.piecewise
242660,0.003166,0.0032066,0.0038198,High,Low,IPR,gfdl.cm3.1.rcp26.piecewise
248580,0.00083956,0.00092417,0.0012915,Low,Low,IPR,gfdl.cm3.1.rcp26.piecewise
411840,0.016446,0.023847,0.022808,High,High,IPR,gfdl.esm2m.1.rcp85.piecewise
386710,0.0087688,0.0076862,0.0063031,Low,High,IPR,gfdl.esm2m.1.rcp85.piecewise
237440,0.0031094,0.0030647,0.0033916,High,Low,IPR,gfdl.esm2m.1.rcp85.piecewise
237020,0.00082128,0.00087722,0.0011681,Low,Low,IPR,gfdl.esm2m.1.rcp85.piecewise
399860,0.012548,0.020554,0.021402,High,High,IPR,gfdl.esm2m.1.rcp60.piecewise
422730,0.0053309,0.0066511,0.0059609,Low,High,IPR,gfdl.esm2m.1.rcp60.piecewise
246770,0.002977,0.0027385,0.0023264,High,Low,IPR,gfdl.esm2m.1.rcp60.piecewise
248620,0.00078601,0.00078783,0.00091383,Low,Low,IPR,gfdl.esm2m.1.rcp60.piecewise
412990,0.014895,0.022688,0.022337,High,High,IPR,gfdl.esm2m.1.rcp45.piecewise
416580,0.0073302,0.0073552,0.006199,Low,High,IPR,gfdl.esm2m.1.rcp45.piecewise
260030,0.0030671,0.0029596,0.0030612,High,Low,IPR,gfdl.esm2m.1.rcp45.piecewise
237500,0.00080949,0.00084714,0.0010856,Low,Low,IPR,gfdl.esm2m.1.rcp45.piecewise
392130,0.01481,0.02262,0.022308,High,High,IPR,gfdl.esm2m.1.rcp26.piecewise
414110,0.007518,0.0074047,0.0062149,Low,High,IPR,gfdl.esm2m.1.rcp26.piecewise
240540,0.0030837,0.0030008,0.003192,High,Low,IPR,gfdl.esm2m.1.rcp26.piecewise
221280,0.00081275,0.00085544,0.0011086,Low,Low,IPR,gfdl.esm2m.1.rcp26.piecewise
401800,0.014995,0.022769,0.02237,High,High,IPR,csiro.mk3.6.0.1.rcp85.piecewise
415610,0.0073945,0.0073724,0.0062045,Low,High,IPR,csiro.mk3.6.0.1.rcp85.piecewise
244330,0.0030514,0.0029208,0.0029365,High,Low,IPR,csiro.mk3.6.0.1.rcp85.piecewise
248110,0.00080528,0.00083645,0.0010555,Low,Low,IPR,csiro.mk3.6.0.1.rcp85.piecewise
413570,0.011817,0.019772,0.021035,High,High,IPR,csiro.mk3.6.0.1.rcp60.piecewise
416560,0.0048743,0.0064252,0.0058792,Low,High,IPR,csiro.mk3.6.0.1.rcp60.piecewise
252090,0.0029573,0.0026907,0.0021597,High,Low,IPR,csiro.mk3.6.0.1.rcp60.piecewise
247310,0.00078087,0.00077496,0.00087484,Low,Low,IPR,csiro.mk3.6.0.1.rcp60.piecewise
429300,0.015352,0.023048,0.022486,High,High,IPR,csiro.mk3.6.0.1.rcp45.piecewise
454260,0.0079253,0.0075049,0.0062467,Low,High,IPR,csiro.mk3.6.0.1.rcp45.piecewise
255680,0.0030532,0.0029252,0.0029506,High,Low,IPR,csiro.mk3.6.0.1.rcp45.piecewise
247820,0.00080639,0.00083927,0.0010635,Low,Low,IPR,csiro.mk3.6.0.1.rcp45.piecewise
416820,0.013098,0.021102,0.021651,High,High,IPR,csiro.mk3.6.0.1.rcp26.piecewise
426600,0.0057083,0.0068153,0.0060186,Low,High,IPR,csiro.mk3.6.0.1.rcp26.piecewise
236840,0.0029959,0.0027845,0.0024841,High,Low,IPR,csiro.mk3.6.0.1.rcp26.piecewise
257640,0.00079197,0.00080282,0.00095841,Low,Low,IPR,csiro.mk3.6.0.1.rcp26.piecewise
446510,0.017229,0.024371,0.023014,High,High,IPR,hadgem2.es.1.rcp85.piecewise
436350,0.0096385,0.0078433,0.006351,Low,High,IPR,hadgem2.es.1.rcp85.piecewise
234130,0.0030769,0.002984,0.003139,High,Low,IPR,hadgem2.es.1.rcp85.piecewise
246420,0.00081286,0.00085572,0.0011094,Low,Low,IPR,hadgem2.es.1.rcp85.piecewise
428360,0.016658,0.023993,0.022866,High,High,IPR,hadgem2.es.1.rcp60.piecewise
436320,0.0091648,0.007761,0.0063261,Low,High,IPR,hadgem2.es.1.rcp60.piecewise
244480,0.0030865,0.0030078,0.0032143,High,Low,IPR,hadgem2.es.1.rcp60.piecewise
249300,0.00081641,0.00086477,0.0011343,Low,Low,IPR,hadgem2.es.1.rcp60.piecewise
422440,0.01537,0.023062,0.022491,High,High,IPR,hadgem2.es.1.rcp45.piecewise
403680,0.0075308,0.0074079,0.0062159,Low,High,IPR,hadgem2.es.1.rcp45.piecewise
242000,0.0030549,0.0029294,0.0029641,High,Low,IPR,hadgem2.es.1.rcp45.piecewise
242750,0.00080759,0.00084232,0.001072,Low,Low,IPR,hadgem2.es.1.rcp45.piecewise
427320,0.014882,0.022677,0.022332,High,High,IPR,hadgem2.es.1.rcp26.piecewise
440650,0.0073809,0.0073688,0.0062034,Low,High,IPR,hadgem2.es.1.rcp26.piecewise
248270,0.0030359,0.0028827,0.0028122,High,Low,IPR,hadgem2.es.1.rcp26.piecewise
255150,0.00080287,0.00083034,0.0010382,Low,Low,IPR,hadgem2.es.1.rcp26.piecewise
440910,0.025353,0.028211,0.024399,High,High,IPR,miroc.esm.chem.1.rcp85.piecewise
451110,0.038464,0.0091393,0.0067128,Low,High,IPR,miroc.esm.chem.1.rcp85.piecewise
270050,0.0032054,0.003306,0.0041087,High,Low,IPR,miroc.esm.chem.1.rcp85.piecewise
265170,0.00085064,0.00095279,0.0013636,Low,Low,IPR,miroc.esm.chem.1.rcp85.piecewise
411190,0.019789,0.025854,0.023573,High,High,IPR,miroc.esm.chem.1.rcp60.piecewise
415510,0.01402,0.0083598,0.0065019,Low,High,IPR,miroc.esm.chem.1.rcp60.piecewise
231170,0.0031565,0.0031826,0.0037488,High,Low,IPR,miroc.esm.chem.1.rcp60.piecewise
253060,0.00083612,0.00091531,0.0012687,Low,Low,IPR,miroc.esm.chem.1.rcp60.piecewise
433990,0.016667,0.023999,0.022868,High,High,IPR,miroc.esm.chem.1.rcp45.piecewise
424390,0.0093919,0.0078014,0.0063383,Low,High,IPR,miroc.esm.chem.1.rcp45.piecewise
249200,0.0030859,0.0030063,0.0032095,High,Low,IPR,miroc.esm.chem.1.rcp45.piecewise
252210,0.00081675,0.00086564,0.0011367,Low,Low,IPR,miroc.esm.chem.1.rcp45.piecewise
391920,0.014169,0.022082,0.022081,High,High,IPR,miroc.esm.chem.1.rcp26.piecewise
398940,0.0065983,0.0071395,0.0061286,Low,High,IPR,miroc.esm.chem.1.rcp26.piecewise
231620,0.0030124,0.0028249,0.0026203,High,Low,IPR,miroc.esm.chem.1.rcp26.piecewise
230350,0.00079623,0.00081354,0.0009898,Low,Low,IPR,miroc.esm.chem.1.rcp26.piecewise
393150,0.016147,0.023637,0.022724,High,High,IPR,miroc5.1.rcp85.piecewise
403610,0.0088156,0.0076953,0.006306,Low,High,IPR,miroc5.1.rcp85.piecewise
242020,0.00307,0.0029669,0.0030846,High,Low,IPR,miroc5.1.rcp85.piecewise
241160,0.00081222,0.0008541,0.0011049,Low,Low,IPR,miroc5.1.rcp85.piecewise
432550,0.011439,0.019342,0.020827,High,High,IPR,miroc5.1.rcp60.piecewise
435780,0.004494,0.0062095,0.0057984,Low,High,IPR,miroc5.1.rcp60.piecewise
242540,0.0029174,0.0025947,0.001816,High,Low,IPR,miroc5.1.rcp60.piecewise
234310,0.00076881,0.00074494,0.00078138,Low,Low,IPR,miroc5.1.rcp60.piecewise
449710,0.014612,0.022457,0.02224,High,High,IPR,miroc5.1.rcp45.piecewise
433890,0.0067163,0.007177,0.006141,Low,High,IPR,miroc5.1.rcp45.piecewise
232240,0.0030293,0.0028664,0.0027585,High,Low,IPR,miroc5.1.rcp45.piecewise
225000,0.00080032,0.0008239,0.0010197,Low,Low,IPR,miroc5.1.rcp45.piecewise
420550,0.011911,0.019876,0.021085,High,High,IPR,miroc5.1.rcp26.piecewise
426320,0.0048504,0.0064124,0.0058745,Low,High,IPR,miroc5.1.rcp26.piecewise
230900,0.0029594,0.0026959,0.0021781,High,Low,IPR,miroc5.1.rcp26.piecewise
245250,0.00077772,0.00076711,0.00085076,Low,Low,IPR,miroc5.1.rcp26.piecewise
278640,0.0036057,0.0043414,0.0066871,High,High,IPR,gfdl.cm3.1.rcp85.linear
256170,0.0010184,0.0013945,0.0022648,Low,High,IPR,gfdl.cm3.1.rcp85.linear
145770,0.0021694,0.0010239,0,High,Low,IPR,gfdl.cm3.1.rcp85.linear
149220,0.00056392,0.00029408,0,Low,Low,IPR,gfdl.cm3.1.rcp85.linear
236600,0.0035327,0.0041501,0.0062607,High,High,IPR,gfdl.cm3.1.rcp60.linear
228270,0.00099815,0.0013409,0.002172,Low,High,IPR,gfdl.cm3.1.rcp60.linear
133760,0.0021597,0.0010074,0,High,Low,IPR,gfdl.cm3.1.rcp60.linear
138650,0.00056282,0.00029209,0,Low,Low,IPR,gfdl.cm3.1.rcp60.linear
253290,0.0039445,0.0052362,0.0084608,High,High,IPR,gfdl.cm3.1.rcp45.linear
271550,0.001135,0.0017005,0.0027341,Low,High,IPR,gfdl.cm3.1.rcp45.linear
158380,0.002264,0.0011914,0,High,Low,IPR,gfdl.cm3.1.rcp45.linear
153350,0.00058955,0.00034223,0,Low,Low,IPR,gfdl.cm3.1.rcp45.linear
237680,0.0037744,0.004786,0.0076099,High,High,IPR,gfdl.cm3.1.rcp26.linear
241590,0.0010785,0.0015528,0.0025192,Low,High,IPR,gfdl.cm3.1.rcp26.linear
156570,0.0022272,0.0011249,0,High,Low,IPR,gfdl.cm3.1.rcp26.linear
157450,0.00057989,0.00032372,0,Low,Low,IPR,gfdl.cm3.1.rcp26.linear
233910,0.0036069,0.0043445,0.006694,High,High,IPR,gfdl.esm2m.1.rcp85.linear
243850,0.0010221,0.0014043,0.0022813,Low,High,IPR,gfdl.esm2m.1.rcp85.linear
144620,0.0021981,0.0010736,0,High,Low,IPR,gfdl.esm2m.1.rcp85.linear
132910,0.00057217,0.00030924,0,Low,Low,IPR,gfdl.esm2m.1.rcp85.linear
243330,0.0033928,0.0037859,0.0053916,High,High,IPR,gfdl.esm2m.1.rcp60.linear
246750,0.0009562,0.0012299,0.0019675,Low,High,IPR,gfdl.esm2m.1.rcp60.linear
140160,0.0021362,0.00096788,0,High,Low,IPR,gfdl.esm2m.1.rcp60.linear
138830,0.00055518,0.00027837,0,Low,Low,IPR,gfdl.esm2m.1.rcp60.linear
232010,0.0035286,0.0041394,0.0062363,High,High,IPR,gfdl.esm2m.1.rcp45.linear
233820,0.00099795,0.0013404,0.0021711,Low,High,IPR,gfdl.esm2m.1.rcp45.linear
155160,0.0021778,0.0010384,0,High,Low,IPR,gfdl.esm2m.1.rcp45.linear
146620,0.00056702,0.00029974,0,Low,Low,IPR,gfdl.esm2m.1.rcp45.linear
225050,0.0035409,0.0041715,0.0063094,High,High,IPR,gfdl.esm2m.1.rcp26.linear
217880,0.0010007,0.0013477,0.002184,Low,High,IPR,gfdl.esm2m.1.rcp26.linear
131580,0.0021893,0.0010582,0,High,Low,IPR,gfdl.esm2m.1.rcp26.linear
132390,0.00056867,0.00030277,0,Low,Low,IPR,gfdl.esm2m.1.rcp26.linear
279280,0.0035337,0.0041527,0.0062667,High,High,IPR,csiro.mk3.6.0.1.rcp85.linear
263810,0.00099743,0.001339,0.0021687,Low,High,IPR,csiro.mk3.6.0.1.rcp85.linear
162980,0.0021681,0.0010217,0,High,Low,IPR,csiro.mk3.6.0.1.rcp85.linear
157100,0.00056308,0.00029255,0,Low,Low,IPR,csiro.mk3.6.0.1.rcp85.linear
224540,0.0033233,0.0036067,0.0049327,High,High,IPR,csiro.mk3.6.0.1.rcp60.linear
211900,0.00093221,0.0011664,0.0018423,Low,High,IPR,csiro.mk3.6.0.1.rcp60.linear
140630,0.0021265,0.00095172,0,High,Low,IPR,csiro.mk3.6.0.1.rcp60.linear
139160,0.00055259,0.00027378,0,Low,Low,IPR,csiro.mk3.6.0.1.rcp60.linear
259820,0.003558,0.0042162,0.0064103,High,High,IPR,csiro.mk3.6.0.1.rcp45.linear
250020,0.0010013,0.0013493,0.0021868,Low,High,IPR,csiro.mk3.6.0.1.rcp45.linear
155480,0.0021727,0.0010296,0,High,Low,IPR,csiro.mk3.6.0.1.rcp45.linear
155480,0.00056506,0.00029615,0,Low,Low,IPR,csiro.mk3.6.0.1.rcp45.linear
233780,0.0034168,0.0038482,0.005546,High,High,IPR,csiro.mk3.6.0.1.rcp26.linear
234250,0.00096104,0.0012427,0.001992,Low,High,IPR,csiro.mk3.6.0.1.rcp26.linear
150620,0.0021416,0.00097681,0,High,Low,IPR,csiro.mk3.6.0.1.rcp26.linear
150700,0.00055663,0.00028096,0,Low,Low,IPR,csiro.mk3.6.0.1.rcp26.linear
248630,0.0036251,0.0043924,0.0067978,High,High,IPR,hadgem2.es.1.rcp85.linear
252810,0.0010246,0.0014108,0.0022924,Low,High,IPR,hadgem2.es.1.rcp85.linear
130510,0.0021828,0.0010469,0,High,Low,IPR,hadgem2.es.1.rcp85.linear
141300,0.00056785,0.00030127,0,Low,Low,IPR,hadgem2.es.1.rcp85.linear
253580,0.0036195,0.0043776,0.0067659,High,High,IPR,hadgem2.es.1.rcp60.linear
271840,0.0010287,0.0014217,0.0023105,Low,High,IPR,hadgem2.es.1.rcp60.linear
151130,0.002189,0.0010578,0,High,Low,IPR,hadgem2.es.1.rcp60.linear
139640,0.00056927,0.00030388,0,Low,Low,IPR,hadgem2.es.1.rcp60.linear
251170,0.0035381,0.0041641,0.0062927,High,High,IPR,hadgem2.es.1.rcp45.linear
257680,0.00099907,0.0013433,0.0021763,Low,High,IPR,hadgem2.es.1.rcp45.linear
128580,0.0021754,0.0010342,0,High,Low,IPR,hadgem2.es.1.rcp45.linear
133380,0.00056525,0.0002965,0,Low,Low,IPR,hadgem2.es.1.rcp45.linear
229970,0.0035314,0.0041467,0.006253,High,High,IPR,hadgem2.es.1.rcp26.linear
227740,0.00099725,0.0013385,0.0021678,Low,High,IPR,hadgem2.es.1.rcp26.linear
149840,0.0021684,0.0010223,0,High,Low,IPR,hadgem2.es.1.rcp26.linear
149840,0.00056383,0.00029392,0,Low,Low,IPR,hadgem2.es.1.rcp26.linear
253790,0.0038834,0.0050745,0.0081638,High,High,IPR,miroc.esm.chem.1.rcp85.linear
255680,0.0011087,0.001632,0.0026368,Low,High,IPR,miroc.esm.chem.1.rcp85.linear
161780,0.0022416,0.0011508,0,High,Low,IPR,miroc.esm.chem.1.rcp85.linear
169010,0.00058492,0.0003333,0,Low,Low,IPR,miroc.esm.chem.1.rcp85.linear
269120,0.0037409,0.0046976,0.0074335,High,High,IPR,miroc.esm.chem.1.rcp60.linear
265200,0.0010646,0.0015163,0.002463,Low,High,IPR,miroc.esm.chem.1.rcp60.linear
141920,0.0022162,0.0011054,0,High,Low,IPR,miroc.esm.chem.1.rcp60.linear
142990,0.00057655,0.00031743,0,Low,Low,IPR,miroc.esm.chem.1.rcp60.linear
260030,0.0036131,0.0043609,0.0067296,High,High,IPR,miroc.esm.chem.1.rcp45.linear
252590,0.0010234,0.0014077,0.0022871,Low,High,IPR,miroc.esm.chem.1.rcp45.linear
150370,0.0021864,0.0010533,0,High,Low,IPR,miroc.esm.chem.1.rcp45.linear
150370,0.00056877,0.00030295,0,Low,Low,IPR,miroc.esm.chem.1.rcp45.linear
230830,0.0034797,0.0040116,0.0059396,High,High,IPR,miroc.esm.chem.1.rcp26.linear
229280,0.00098269,0.0013,0.0020987,Low,High,IPR,miroc.esm.chem.1.rcp26.linear
138050,0.0021506,0.00099206,0,High,Low,IPR,miroc.esm.chem.1.rcp26.linear
138050,0.00055913,0.00028543,0,Low,Low,IPR,miroc.esm.chem.1.rcp26.linear
256960,0.0035964,0.004317,0.006634,High,High,IPR,miroc5.1.rcp85.linear
275820,0.0010198,0.0013983,0.0022711,Low,High,IPR,miroc5.1.rcp85.linear
134270,0.0021797,0.0010416,0,High,Low,IPR,miroc5.1.rcp85.linear
141660,0.00056776,0.00030109,0,Low,Low,IPR,miroc5.1.rcp85.linear
250960,0.0032926,0.003528,0.0047238,High,High,IPR,miroc5.1.rcp60.linear
252640,0.00092235,0.0011404,0.0017889,Low,High,IPR,miroc5.1.rcp60.linear
139620,0.0021092,0.00092322,0,High,Low,IPR,miroc5.1.rcp60.linear
139620,0.00054755,0.00026496,0,Low,Low,IPR,miroc5.1.rcp60.linear
236580,0.0034973,0.0040574,0.0060471,High,High,IPR,miroc5.1.rcp45.linear
237710,0.00098543,0.0013072,0.0021119,Low,High,IPR,miroc5.1.rcp45.linear
150570,0.0021584,0.0010053,0,High,Low,IPR,miroc5.1.rcp45.linear
150570,0.00056124,0.00028923,0,Low,Low,IPR,miroc5.1.rcp45.linear
234310,0.0033364,0.0036403,0.0050205,High,High,IPR,miroc5.1.rcp26.linear
243160,0.00093486,0.0011734,0.0018564,Low,High,IPR,miroc5.1.rcp26.linear
139140,0.0021243,0.00094804,0,High,Low,IPR,miroc5.1.rcp26.linear
133800,0.00055126,0.00027144,0,Low,Low,IPR,miroc5.1.rcp26.linear
424240,0.016851,0.024464,0.022981,High,High,RO,gfdl.cm3.1.rcp85.piecewise
401410,0.00914,0.0079181,0.0063442,Low,High,RO,gfdl.cm3.1.rcp85.piecewise
265110,0.0030846,0.0028846,0.003147,High,Low,RO,gfdl.cm3.1.rcp85.piecewise
265140,0.00081504,0.00083029,0.0011136,Low,Low,RO,gfdl.cm3.1.rcp85.piecewise
388000,0.015068,0.023116,0.022455,High,High,RO,gfdl.cm3.1.rcp60.piecewise
398250,0.0072376,0.0074716,0.0062096,Low,High,RO,gfdl.cm3.1.rcp60.piecewise
255340,0.00306,0.0028246,0.002952,High,Low,RO,gfdl.cm3.1.rcp60.piecewise
259170,0.00080769,0.0008118,0.0010614,Low,Low,RO,gfdl.cm3.1.rcp60.piecewise
404020,0.029419,0.030019,0.02488,High,High,RO,gfdl.cm3.1.rcp45.piecewise
429110,0.1323,0.0097247,0.0068209,Low,High,RO,gfdl.cm3.1.rcp45.piecewise
267780,0.0032921,0.0034019,0.0046771,High,Low,RO,gfdl.cm3.1.rcp45.piecewise
267850,0.0008733,0.00097941,0.0014967,Low,Low,RO,gfdl.cm3.1.rcp45.piecewise
391110,0.021697,0.027227,0.023974,High,High,RO,gfdl.cm3.1.rcp26.piecewise
432690,0.016735,0.0087526,0.0065766,Low,High,RO,gfdl.cm3.1.rcp26.piecewise
263740,0.0032028,0.0031772,0.0040431,High,Low,RO,gfdl.cm3.1.rcp26.piecewise
262810,0.00084825,0.00091481,0.0013384,Low,Low,RO,gfdl.cm3.1.rcp26.piecewise
437950,0.016471,0.024195,0.022879,High,High,RO,gfdl.esm2m.1.rcp85.piecewise
451480,0.0087938,0.0078495,0.006324,Low,High,RO,gfdl.esm2m.1.rcp85.piecewise
257770,0.0031365,0.0030122,0.0035486,High,Low,RO,gfdl.esm2m.1.rcp85.piecewise
255290,0.00083024,0.00086879,0.0012187,Low,Low,RO,gfdl.esm2m.1.rcp85.piecewise
413860,0.012419,0.02062,0.021395,High,High,RO,gfdl.esm2m.1.rcp60.piecewise
442160,0.0051594,0.0066779,0.0059491,Low,High,RO,gfdl.esm2m.1.rcp60.piecewise
244220,0.0030057,0.0026931,0.0025096,High,Low,RO,gfdl.esm2m.1.rcp60.piecewise
256250,0.00079239,0.00077357,0.00094949,Low,Low,RO,gfdl.esm2m.1.rcp60.piecewise
442430,0.014619,0.022739,0.022303,High,High,RO,gfdl.esm2m.1.rcp45.piecewise
481540,0.0066448,0.0072881,0.0061519,Low,High,RO,gfdl.esm2m.1.rcp45.piecewise
266220,0.0030915,0.0029015,0.0032012,High,Low,RO,gfdl.esm2m.1.rcp45.piecewise
266330,0.00081685,0.00083488,0.0011264,Low,Low,RO,gfdl.esm2m.1.rcp45.piecewise
418550,0.01486,0.022944,0.022386,High,High,RO,gfdl.esm2m.1.rcp26.piecewise
459330,0.0070828,0.0074262,0.0061955,Low,High,RO,gfdl.esm2m.1.rcp26.piecewise
249880,0.003105,0.0029346,0.0033065,High,Low,RO,gfdl.esm2m.1.rcp26.piecewise
248890,0.00082031,0.00084363,0.0011506,Low,Low,RO,gfdl.esm2m.1.rcp26.piecewise
468690,0.01451,0.022645,0.022264,High,High,RO,csiro.mk3.6.0.1.rcp85.piecewise
398500,0.0070959,0.0074301,0.0061967,Low,High,RO,csiro.mk3.6.0.1.rcp85.piecewise
267100,0.0030741,0.0028591,0.0030645,High,Low,RO,csiro.mk3.6.0.1.rcp85.piecewise
261830,0.00081201,0.00082266,0.0010922,Low,Low,RO,csiro.mk3.6.0.1.rcp85.piecewise
412980,0.011666,0.019772,0.021006,High,High,RO,csiro.mk3.6.0.1.rcp60.piecewise
435400,0.0046299,0.0063858,0.0058454,Low,High,RO,csiro.mk3.6.0.1.rcp60.piecewise
245320,0.002982,0.0026362,0.0023115,High,Low,RO,csiro.mk3.6.0.1.rcp60.piecewise
245600,0.00078617,0.00075813,0.00090271,Low,Low,RO,csiro.mk3.6.0.1.rcp60.piecewise
391120,0.015557,0.023509,0.022611,High,High,RO,csiro.mk3.6.0.1.rcp45.piecewise
418000,0.0075352,0.0075543,0.0062351,Low,High,RO,csiro.mk3.6.0.1.rcp45.piecewise
253070,0.0030843,0.0028839,0.0031446,High,Low,RO,csiro.mk3.6.0.1.rcp45.piecewise
251900,0.00081503,0.00083027,0.0011136,Low,Low,RO,csiro.mk3.6.0.1.rcp45.piecewise
387580,0.013096,0.021325,0.021707,High,High,RO,csiro.mk3.6.0.1.rcp26.piecewise
407260,0.005633,0.0069012,0.0060254,Low,High,RO,csiro.mk3.6.0.1.rcp26.piecewise
247090,0.0030224,0.0027335,0.0026476,High,Low,RO,csiro.mk3.6.0.1.rcp26.piecewise
243040,0.00079767,0.00078672,0.00098859,Low,Low,RO,csiro.mk3.6.0.1.rcp26.piecewise
385430,0.017401,0.024837,0.023121,High,High,RO,hadgem2.es.1.rcp85.piecewise
411410,0.0094184,0.0079699,0.0063593,Low,High,RO,hadgem2.es.1.rcp85.piecewise
255980,0.0031099,0.0029467,0.0033444,High,Low,RO,hadgem2.es.1.rcp85.piecewise
260870,0.00082213,0.00084823,0.0011632,Low,Low,RO,hadgem2.es.1.rcp85.piecewise
422740,0.016538,0.024244,0.022897,High,High,RO,hadgem2.es.1.rcp60.piecewise
449860,0.0088253,0.007856,0.0063259,Low,High,RO,hadgem2.es.1.rcp60.piecewise
246790,0.0031218,0.0029761,0.0034367,High,Low,RO,hadgem2.es.1.rcp60.piecewise
262690,0.00082432,0.00085376,0.0011782,Low,Low,RO,hadgem2.es.1.rcp60.piecewise
407060,0.015272,0.023282,0.022522,High,High,RO,hadgem2.es.1.rcp45.piecewise
426670,0.0074775,0.0075387,0.0062303,Low,High,RO,hadgem2.es.1.rcp45.piecewise
250930,0.0030843,0.0028838,0.0031445,High,Low,RO,hadgem2.es.1.rcp45.piecewise
251160,0.00081484,0.00082979,0.0011122,Low,Low,RO,hadgem2.es.1.rcp45.piecewise
410750,0.015001,0.023061,0.022433,High,High,RO,hadgem2.es.1.rcp26.piecewise
449120,0.0072118,0.0074642,0.0062073,Low,High,RO,hadgem2.es.1.rcp26.piecewise
252350,0.0030708,0.002851,0.0030381,High,Low,RO,hadgem2.es.1.rcp26.piecewise
242230,0.00081213,0.00082298,0.0010931,Low,Low,RO,hadgem2.es.1.rcp26.piecewise
436100,0.024808,0.028527,0.024406,High,High,RO,miroc.esm.chem.1.rcp85.piecewise
435810,0.031392,0.0092594,0.0067072,Low,High,RO,miroc.esm.chem.1.rcp85.piecewise
265320,0.0032452,0.0032835,0.0043486,High,Low,RO,miroc.esm.chem.1.rcp85.piecewise
270960,0.00085988,0.00094472,0.0014131,Low,Low,RO,miroc.esm.chem.1.rcp85.piecewise
396750,0.020125,0.026447,0.023704,High,High,RO,miroc.esm.chem.1.rcp60.piecewise
425210,0.014367,0.0085803,0.0065305,Low,High,RO,miroc.esm.chem.1.rcp60.piecewise
256420,0.003194,0.0031551,0.0039786,High,Low,RO,miroc.esm.chem.1.rcp60.piecewise
258780,0.00084543,0.00090759,0.0013201,Low,Low,RO,miroc.esm.chem.1.rcp60.piecewise
379160,0.016744,0.024389,0.022953,High,High,RO,miroc.esm.chem.1.rcp45.piecewise
402240,0.0091034,0.007911,0.0063421,Low,High,RO,miroc.esm.chem.1.rcp45.piecewise
255210,0.0031164,0.0029628,0.0033952,High,Low,RO,miroc.esm.chem.1.rcp45.piecewise
252920,0.00082399,0.00085292,0.001176,Low,Low,RO,miroc.esm.chem.1.rcp45.piecewise
380430,0.014292,0.022453,0.022185,High,High,RO,miroc.esm.chem.1.rcp26.piecewise
394460,0.0065748,0.0072645,0.0061444,Low,High,RO,miroc.esm.chem.1.rcp26.piecewise
261290,0.0030399,0.0027757,0.0027899,High,Low,RO,miroc.esm.chem.1.rcp26.piecewise
261300,0.00080252,0.00079884,0.001024,Low,Low,RO,miroc.esm.chem.1.rcp26.piecewise
415040,0.016186,0.023987,0.022798,High,High,RO,miroc5.1.rcp85.piecewise
407090,0.0085855,0.0078059,0.0063111,Low,High,RO,miroc5.1.rcp85.piecewise
260660,0.0031038,0.0029318,0.0032975,High,Low,RO,miroc5.1.rcp85.piecewise
253640,0.00082038,0.0008438,0.001151,Low,Low,RO,miroc5.1.rcp85.piecewise
368400,0.011249,0.019272,0.020768,High,High,RO,miroc5.1.rcp60.piecewise
373240,0.0044417,0.0062689,0.0058025,Low,High,RO,miroc5.1.rcp60.piecewise
261440,0.0029392,0.0025344,0.0019463,High,Low,RO,miroc5.1.rcp60.piecewise
261570,0.00077453,0.00072945,0.00081326,Low,Low,RO,miroc5.1.rcp60.piecewise
387840,0.014365,0.022518,0.022212,High,High,RO,miroc5.1.rcp45.piecewise
396010,0.0066557,0.0072917,0.0061531,Low,High,RO,miroc5.1.rcp45.piecewise
250480,0.003059,0.0028222,0.0029441,High,Low,RO,miroc5.1.rcp45.piecewise
255150,0.00080728,0.00081077,0.0010584,Low,Low,RO,miroc5.1.rcp45.piecewise
379980,0.011904,0.020048,0.021134,High,High,RO,miroc5.1.rcp26.piecewise
403000,0.0047985,0.0064843,0.0058809,Low,High,RO,miroc5.1.rcp26.piecewise
247350,0.0029756,0.002621,0.0022577,High,Low,RO,miroc5.1.rcp26.piecewise
252560,0.00078465,0.00075438,0.00089122,Low,Low,RO,miroc5.1.rcp26.piecewise
261780,0.0035641,0.004102,0.0064134,High,High,RO,gfdl.cm3.1.rcp85.linear
280650,0.0010106,0.0013407,0.002225,Low,High,RO,gfdl.cm3.1.rcp85.linear
166370,0.0021798,0.00097363,0,High,Low,RO,gfdl.cm3.1.rcp85.linear
154640,0.00056723,0.0002815,0,Low,Low,RO,gfdl.cm3.1.rcp85.linear
268100,0.0034973,0.0039284,0.0060123,High,High,RO,gfdl.cm3.1.rcp60.linear
274060,0.00098602,0.0012755,0.0021094,Low,High,RO,gfdl.cm3.1.rcp60.linear
163970,0.0021706,0.0009584,0,High,Low,RO,gfdl.cm3.1.rcp60.linear
165140,0.00056392,0.00027569,0,Low,Low,RO,gfdl.cm3.1.rcp60.linear
266370,0.0039433,0.0051,0.0084339,High,High,RO,gfdl.cm3.1.rcp45.linear
290020,0.0011284,0.0016513,0.0027083,Low,High,RO,gfdl.cm3.1.rcp45.linear
180830,0.0022847,0.001154,0,High,Low,RO,gfdl.cm3.1.rcp45.linear
176070,0.00059481,0.00033197,0,Low,Low,RO,gfdl.cm3.1.rcp45.linear
239270,0.0037691,0.0046397,0.0075563,High,High,RO,gfdl.cm3.1.rcp26.linear
242800,0.0010733,0.0015065,0.0024955,Low,High,RO,gfdl.cm3.1.rcp26.linear
152270,0.0022421,0.0010791,0,High,Low,RO,gfdl.cm3.1.rcp26.linear
174290,0.00058337,0.00031062,0,Low,Low,RO,gfdl.cm3.1.rcp26.linear
251070,0.0035838,0.0041533,0.0065289,High,High,RO,gfdl.esm2m.1.rcp85.linear
269540,0.0010145,0.0013509,0.0022426,Low,High,RO,gfdl.esm2m.1.rcp85.linear
149440,0.0022113,0.0010264,0,High,Low,RO,gfdl.esm2m.1.rcp85.linear
162670,0.00057463,0.0002947,0,Low,Low,RO,gfdl.esm2m.1.rcp85.linear
260380,0.0033609,0.0035771,0.0051432,High,High,RO,gfdl.esm2m.1.rcp60.linear
261550,0.00094127,0.0011573,0.0018838,Low,High,RO,gfdl.esm2m.1.rcp60.linear
166490,0.0021484,0.0009223,0,High,Low,RO,gfdl.esm2m.1.rcp60.linear
147920,0.00055802,0.00026544,0,Low,Low,RO,gfdl.esm2m.1.rcp60.linear
262380,0.003509,0.0039587,0.0060835,High,High,RO,gfdl.esm2m.1.rcp45.linear
263750,0.00098891,0.0012832,0.0021233,Low,High,RO,gfdl.esm2m.1.rcp45.linear
165150,0.0021928,0.00099512,0,High,Low,RO,gfdl.esm2m.1.rcp45.linear
169790,0.00057011,0.0002866,0,Low,Low,RO,gfdl.esm2m.1.rcp45.linear
256450,0.0035396,0.0040382,0.006268,High,High,RO,gfdl.esm2m.1.rcp26.linear
261110,0.0009969,0.0013043,0.0021612,Low,High,RO,gfdl.esm2m.1.rcp26.linear
164230,0.0022022,0.001011,0,High,Low,RO,gfdl.esm2m.1.rcp26.linear
171200,0.00057246,0.00029079,0,Low,Low,RO,gfdl.esm2m.1.rcp26.linear
281710,0.0035023,0.0039413,0.0060426,High,High,RO,csiro.mk3.6.0.1.rcp85.linear
256060,0.00098105,0.0012624,0.0020854,Low,High,RO,csiro.mk3.6.0.1.rcp85.linear
168110,0.0021789,0.00097213,0,High,Low,RO,csiro.mk3.6.0.1.rcp85.linear
174890,0.00056711,0.00028128,0,Low,Low,RO,csiro.mk3.6.0.1.rcp85.linear
251310,0.0033015,0.0034258,0.0047422,High,High,RO,csiro.mk3.6.0.1.rcp60.linear
256210,0.00092305,0.0011093,0.0017856,Low,High,RO,csiro.mk3.6.0.1.rcp60.linear
157310,0.0021355,0.00090154,0,High,Low,RO,csiro.mk3.6.0.1.rcp60.linear
159620,0.00055477,0.00025987,0,Low,Low,RO,csiro.mk3.6.0.1.rcp60.linear
242590,0.0035344,0.0040246,0.0062368,High,High,RO,csiro.mk3.6.0.1.rcp45.linear
236640,0.00099788,0.0013069,0.0021658,Low,High,RO,csiro.mk3.6.0.1.rcp45.linear
157140,0.0021843,0.00098099,0,High,Low,RO,csiro.mk3.6.0.1.rcp45.linear
151620,0.00056763,0.00028221,0,Low,Low,RO,csiro.mk3.6.0.1.rcp45.linear
261430,0.0033993,0.0036753,0.0053945,High,High,RO,csiro.mk3.6.0.1.rcp26.linear
257970,0.00095367,0.00119,0.0019484,Low,High,RO,csiro.mk3.6.0.1.rcp26.linear
171400,0.002157,0.00093616,0,High,Low,RO,csiro.mk3.6.0.1.rcp26.linear
170400,0.00056043,0.0002696,0,Low,Low,RO,csiro.mk3.6.0.1.rcp26.linear
270820,0.0036084,0.0042176,0.0066714,High,High,RO,hadgem2.es.1.rcp85.linear
273900,0.0010185,0.0013615,0.0022607,Low,High,RO,hadgem2.es.1.rcp85.linear
171450,0.0021957,0.0010001,0,High,Low,RO,hadgem2.es.1.rcp85.linear
173800,0.00057058,0.00028744,0,Low,Low,RO,hadgem2.es.1.rcp85.linear
222320,0.0036095,0.0042205,0.0066776,High,High,RO,hadgem2.es.1.rcp60.linear
233580,0.0010198,0.001365,0.0022667,Low,High,RO,hadgem2.es.1.rcp60.linear
171780,0.0021995,0.0010064,0,High,Low,RO,hadgem2.es.1.rcp60.linear
160040,0.00057295,0.00029168,0,Low,Low,RO,hadgem2.es.1.rcp60.linear
266560,0.0035379,0.0040338,0.0062579,High,High,RO,hadgem2.es.1.rcp45.linear
283460,0.00099918,0.0013104,0.002172,Low,High,RO,hadgem2.es.1.rcp45.linear
162650,0.0021865,0.00098465,0,High,Low,RO,hadgem2.es.1.rcp45.linear
168740,0.00056885,0.00028437,0,Low,Low,RO,hadgem2.es.1.rcp45.linear
273790,0.003507,0.0039534,0.0060712,High,High,RO,hadgem2.es.1.rcp26.linear
291320,0.00098749,0.0012794,0.0021165,Low,High,RO,hadgem2.es.1.rcp26.linear
168440,0.0021789,0.00097216,0,High,Low,RO,hadgem2.es.1.rcp26.linear
131510,0.00056724,0.00028152,0,Low,Low,RO,hadgem2.es.1.rcp26.linear
226610,0.0038667,0.0048973,0.0080577,High,High,RO,miroc.esm.chem.1.rcp85.linear
226610,0.0011026,0.0015837,0.0026113,Low,High,RO,miroc.esm.chem.1.rcp85.linear
179950,0.0022548,0.0011013,0,High,Low,RO,miroc.esm.chem.1.rcp85.linear
179950,0.0005868,0.00031696,0,Low,Low,RO,miroc.esm.chem.1.rcp85.linear
270400,0.0037311,0.0045395,0.0073538,High,High,RO,miroc.esm.chem.1.rcp60.linear
268160,0.0010614,0.001475,0.0024464,Low,High,RO,miroc.esm.chem.1.rcp60.linear
183470,0.0022365,0.0010694,0,High,Low,RO,miroc.esm.chem.1.rcp60.linear
172130,0.00058242,0.00030887,0,Low,Low,RO,miroc.esm.chem.1.rcp60.linear
234070,0.0035975,0.0041891,0.0066085,High,High,RO,miroc.esm.chem.1.rcp45.linear
273680,0.0010194,0.001364,0.0022649,Low,High,RO,miroc.esm.chem.1.rcp45.linear
167630,0.0021958,0.0010001,0,High,Low,RO,miroc.esm.chem.1.rcp45.linear
170290,0.00057247,0.00029081,0,Low,Low,RO,miroc.esm.chem.1.rcp45.linear
259070,0.0034623,0.0038378,0.0057959,High,High,RO,miroc.esm.chem.1.rcp26.linear
264220,0.00097253,0.0012398,0.0020436,Low,High,RO,miroc.esm.chem.1.rcp26.linear
165400,0.0021638,0.00094733,0,High,Low,RO,miroc.esm.chem.1.rcp26.linear
167940,0.00056222,0.00027271,0,Low,Low,RO,miroc.esm.chem.1.rcp26.linear
237330,0.0035725,0.004124,0.0064631,High,High,RO,miroc5.1.rcp85.linear
268530,0.0010087,0.0013356,0.0022162,Low,High,RO,miroc5.1.rcp85.linear
153690,0.0021921,0.00099399,0,High,Low,RO,miroc5.1.rcp85.linear
172130,0.00057034,0.00028701,0,Low,Low,RO,miroc5.1.rcp85.linear
240430,0.0032659,0.0033356,0.0044947,High,High,RO,miroc5.1.rcp60.linear
257940,0.00091269,0.0010821,0.0017281,Low,High,RO,miroc5.1.rcp60.linear
159100,0.0021167,0.00087174,0,High,Low,RO,miroc5.1.rcp60.linear
161460,0.00054927,0.00025058,0,Low,Low,RO,miroc5.1.rcp60.linear
252770,0.003481,0.0038862,0.0059121,High,High,RO,miroc5.1.rcp45.linear
250370,0.00097889,0.0012567,0.0020749,Low,High,RO,miroc5.1.rcp45.linear
162430,0.0021735,0.0009632,0,High,Low,RO,miroc5.1.rcp45.linear
171750,0.00056477,0.00027718,0,Low,Low,RO,miroc5.1.rcp45.linear
270310,0.0033133,0.0034557,0.0048227,High,High,RO,miroc5.1.rcp26.linear
277430,0.00093159,0.0011318,0.0018321,Low,High,RO,miroc5.1.rcp26.linear
159650,0.0021331,0.00089773,0,High,Low,RO,miroc5.1.rcp26.linear
154410,0.00055423,0.00025895,0,Low,Low,RO,miroc5.1.rcp26.linear
